Watcher;Itemset
Phoebe;[22, 28]
Flo;[28]
Mark;[22, 24, 27, 28, 29]
Sloane;[22, 28, 29]
Ibra;[22]
Ze;[22, 28]
Brad;[22, 10, 28, 29]
Squeezy;[22, 27, 28, 29]
Naomy;[22, 10, 28, 29]
Cyrus;[19, 28]
Penny;[22]
Howard;[22]
Clark;[22, 28]
Bob;[22, 27, 28]
Jess;[24, 25, 28, 29]
Natoo;[17, 22, 25, 27, 28, 29]
Leonard;[22]
Ross;[25, 27]
Jack;[22, 28]
Chandler;[28]
Liza;[22, 27]
Billy;[22, 24, 26, 28, 29]
Alex;[22]
Rachel;[22, 28]
Ben;[22]
Amy;[22]
Jane;[22, 24, 27]
Babs;[22]
Monica;[28]
Marie;[22, 24]
Adam;[22]
Seb;[28]
Radjesh;[22, 28]
Loan;[22]
Jeff;[20, 24, 25, 27, 28]
Sheldon;[22, 28]
Joey;[22, 24, 25]
Leila;[1, 22, 23, 28, 29]
Kat;[22, 28]
